{"duration": 0.5516557693481445, "input_args": {"id": "'39068387'"}, "time": 1722196399.214384}