{"duration": 0.6860165596008301, "input_args": {"id": "'38349749'"}, "time": 1707904971.767188}