{"duration": 0.7061729431152344, "input_args": {"id": "'39066871'"}, "time": 1722196399.36885}