{"duration": 0.6856479644775391, "input_args": {"id": "'38181325'"}, "time": 1707904971.76667}