{"duration": 0.5722289085388184, "input_args": {"id": "'38349116'"}, "time": 1707904971.6526442}