{"duration": 0.6684410572052002, "input_args": {"id": "'38349120'"}, "time": 1707904971.749662}