{"duration": 0.6289999485015869, "input_args": {"id": "'38351025'"}, "time": 1707904971.72397}